Keyword,Suggestion
disk failure,disk |failure events
disk failure,disk |failure yield
disk failure,disk |failure voltage
disk failure,disk |failure threshold
disk failure,disk |failure university
disk failure,disk |failure judgment
disk failure,disk |failure joint
disk failure,disk |failure youth
disk failure,disk failure diagnosis
disk failure,disk |failure energy
disk failure,disk |failure temperature
disk failure,disk |failure hypothesis
disk failure,disk |failure hyperkalemia
disk failure,disk |failure kids
disk failure,disk |failure 2018
disk failure,disk |failure 2010
disk failure,disk |failure jenkins
disk failure,disk |failure korea
disk failure,disk |failure 1994
disk failure,disk |failure jaundice
disk failure,disk |failure observations
disk failure,disk |failure hiv
disk failure,disk |failure nursing
disk failure,disk |failure factors
disk failure,disk failure lstm
disk failure,disk |failure effects
disk failure,disk |failure notification
disk failure,disk failure probability
disk failure,disk |failure kodak
disk failure,disk |failure origin
disk failure,disk |failure 2013
disk failure,disk |failure knowledge
disk failure,disk |failure ncbi
disk failure,disk |failure narratives
disk failure,disk |failure 2016
disk failure,disk |failure hypoxia
disk failure,disk |failure 1995
disk failure,disk |failure outcomes
disk failure,disk |failure envelope
disk failure,disk |failure 2017
disk failure,disk |failure example
disk failure,disk |failure hypertension
disk failure,disk |failure john
disk failure,disk |failure 1973
disk failure,disk |failure 2015
disk failure,disk |failure us
disk failure,disk failure prediction model
disk failure,disk |failure education
disk failure,disk |failure juul
disk failure,disk failure recovery
disk failure,disk |failure video
disk failure,disk |failure operation
disk failure,disk |failure vitamin
disk failure,disk |failure neonate
disk failure,disk |failure 1999
disk failure,disk |failure 2014
disk failure,disk failure prediction
disk failure,disk |failure urine
disk failure,disk |failure vulnerability
disk failure,disk |failure 1992
disk failure,disk |failure jstor
disk failure,disk |failure uremia
disk failure,disk |failure ultrasound
disk failure,disk |failure japan
disk failure,disk |failure hypertrophy
disk failure,disk failure in the real world
disk failure,disk |failure 1987
disk failure,disk |failure behavior
disk failure,disk |failure job
disk failure,disk |failure update
disk failure,disk |failure exercise
disk failure,disk failure rates
disk failure,disk |failure youtube
disk failure,disk failure prediction backblaze
disk failure,disk |failure treatment
disk failure,disk |failure history
disk failure,disk |failure journalism
disk failure,disk |failure unit
disk failure,disk |failure overview
disk failure,disk |failure kapur
disk failure,disk |failure kidney
disk failure,disk |failure nature
disk failure,disk |failure 2019
disk failure,disk |failure organization
disk failure,disk |failure therapy
disk failure,disk |failure etiology
disk failure,disk |failure occurrence
disk failure,disk failure prediction machine learning
disk failure,disk |failure group
disk failure,disk failure statistics
disk failure,disk |failure 1996
disk failure,disk |failure kinetics
disk failure,disk |failure questionnaire
disk failure,disk failure analysis
disk failure,disk |failure guidelines
disk failure,disk |failure knee
disk failure,disk failure smart
disk failure,disk |failure entrepreneurship
disk failure,disk failure prediction in heterogeneous environments
disk failure,disk failure correction
disk failure,disk |failure handling
disk failure,disk |failure tolerance
disk failure,disk |failure network
disk failure,disk |failure nutrition
disk failure,disk failure prediction transfer learning
disk failure,disk |failure training
disk failure,disk failure workload
disk failure,disk |failure years
disk failure,disk |failure values
disk failure,disk |failure heart
disk failure,disk |failure 2009
disk failure,disk failure data center
disk failure,disk |failure zone
disk failure,disk |failure type
disk failure,disk |failure nodes
disk failure,disk |failure time
disk failure,disk failure machine learning
disk failure,disk |failure uncertainty
disk failure,disk |failure hemodialysis
disk failure,disk |failure use
disk failure,disk |failure ventilation
disk failure,disk failure detection
disk failure,disk |failure theory
disk failure,disk |failure urea
disk failure,disk |failure obesity
disk failure,disk |failure orientation
disk failure,disk failure prediction lstm
disk failure,disk failure model
disk failure,disk |failure vaccine
disk failure,disk |failure 1971
disk failure,disk |failure key
disk failure,disk |failure velocity
disk failure,disk |failure vocabulary
disk failure,disk |failure 2012
disk failure,disk |failure onset
disk failure,disk |failure vibration
disk failure,disk |failure tests
disk failure,disk |failure nejm
disk failure,disk |failure experience
disk failure,disk |failure kinematics
timeseries,time series shapelet
timeseries,time series features
timeseries,time series forecasting deep learning
timeseries,time series graph
timeseries,time series missing data
timeseries,time series cnn
timeseries,time series dataset
timeseries,time series rnn
timeseries,time series classification deep learning
timeseries,time series forecasting survey
timeseries,timeseries measurements
timeseries,time series query
timeseries,time series split
timeseries,time series transfer learning
timeseries,time series database
timeseries,time series classification survey
timeseries,time series lstm
timeseries,time series data visualisation
timeseries,time series models
timeseries,time series feature extraction
timeseries,timeseries analysis
timeseries,time series analysis forecasting
timeseries,time series neural network
timeseries,timeseries observations
timeseries,timeseries of data
timeseries,time series compression
timeseries,time series validation
timeseries,time series decomposition
timeseries,time series classification
timeseries,time series methods
timeseries,time series periodicity
timeseries,time series comparison
timeseries,time series fmri
timeseries,time series autocorrelation
timeseries,time series index
timeseries,time series correlation
timeseries,time series synchronization
timeseries,time series change points
timeseries,time series imputation
timeseries,time series analysis advantages
timeseries,time series machine learning
timeseries,timeseries photometry
timeseries,time series processing
timeseries,time series prediction
timeseries,time series pca
timeseries,time series gan
timeseries,time series embedding
timeseries,time series extraction
timeseries,time series data preprocessing
timeseries,time series clustering
timeseries,time series storage
timeseries,time series forecasting lstm
timeseries,time series interpolation
timeseries,time series motif
timeseries,time series analysis forecasting and control
timeseries,time series filtering
timeseries,time series review
timeseries,time series anomaly detection
timeseries,timeseries design
timeseries,timeseries service
timeseries,timeseries data
timeseries,time series generation
timeseries,time series learning
timeseries,time series segmentation
timeseries,time series survey
timeseries,time series expression
timeseries,time series representation learning
timeseries,time series approach
timeseries,timeseries text mining
timeseries,time series similarity
timeseries,time series data mining
timeseries,timeseries linear analysis
timeseries,time series images
timeseries,time series application
timeseries,time series preprocessing
timeseries,time series length
timeseries,time series visualization
timeseries,timeseries variation
timeseries,time series mining
timeseries,time series outlier detection
timeseries,time series wavelet
timeseries,time series modelling
timeseries,time series studies
timeseries,time series transformer
timeseries,time series cross validation
timeseries,time series python
timeseries,time series properties
timeseries,time series deep learning
timeseries,time series data analysis
timeseries,time series pattern recognition
timeseries,time series alignment
timeseries,time series forecasting
timeseries,time series arima
timeseries,time series bootstrap
timeseries,time series generative network
timeseries,time series package
timeseries,time series momentum
timeseries,time series regression
timeseries,time series matching
timeseries,time series statistics
timeseries,time series forecasting method
